{"64":{"2.5":[-0.22969538792426233,-0.12120402027973048,-0.03783459381050386,0.04040254009656446,0.12401105857695316,0.23297992660757924],"3.0":[-0.26445520764465164,-0.1685097978571497,-0.09699496268099567,-0.03522145645256886,0.02463414762701535,0.08782260164191089,0.15881352426476342,0.2560212382911762],"3.5":[-0.2916117270025991,-0.20569580474618743,-0.14368478718200617,-0.09114273276101119,-0.04457531733305493,0.0004685389543189578,0.04542606415835172,0.0921187171386893,0.14446785966168457,0.20575401060222895,0.290998003201288],"4.0":[-0.34021230887999615,-0.2619641012251191,-0.20771991993998398,-0.16271100774891917,-0.12362050274511605,-0.0878917027273436,-0.05350035757490487,-0.019962102313198855,0.013135097678036892,0.04690953441689164,0.08220524386052476,0.11848306823057195,0.15748089015416866,0.2009528296691098,0.2537428512175618,0.32926738538507705],"5.0":[-0.4341383375923339,-0.375031343441493,-0.3312272134072843,-0.29524307148891626,-0.26459715581873616,-0.2372836556523749,-0.2121587937343368,-0.1868028469158008,-0.1624188410297817,-0.1390917173283208,-0.11561581095436538,-0.09250437854178427,-0.06975622196533508,-0.04684662982160509,-0.024205319372814546,-0.0014573499513132664,0.02090435861759959,0.043282525664619896,0.06553749840688046,0.08769389586670359,0.10960419026129754,0.13168514602170037,0.1538055212140275,0.17638229612945558,0.19916700134077123,0.22334390661461018,0.2483848305172679,0.2750906593616204,0.3024275054148059,0.33539747395834646,0.3748082107799768,0.4316921570491482],"6.0":[-0.5255312982493923,-0.5079176325559127,-0.49498962789168544,-0.45670674348074086,-0.4382120287244004,-0.42049791960036076,-0.3963385339137294,-0.37555182295079353,-0.3578818617469034,-0.33667948950768173,-0.31883280696509875,-0.30094712306349947,-0.2843488456803448,-0.2681989286493864,-0.2532005220555118,-0.2382592233953626,-0.22228607805065442,-0.20640916335414575,-0.19076067577438396,-0.17566983507324158,-0.16006010445850502,-0.14486013676116283,-0.129731788556999,-0.11471173362094966,-0.0999465781952932,-0.08572553799818515,-0.07120498824293148,-0.05604805668409135,-0.041206593884747456,-0.02614407069471705,-0.01094422186969969,0.004469995506825751,0.019691103904135327,0.03517564466041181,0.050886092892083755,0.06634133640684951,0.08136326047908776,0.0965626983881674,0.11175432015596748,0.12688947321992217,0.14213398883837705,0.15761624746915162,0.17332132101598824,0.1886920491619975,0.20395122886908004,0.2198461458966634,0.23585626160273274,0.25258269596956956,0.2701708809908746,0.2887261402372872,0.3073080400235001,0.325444345097083,0.343271204909112,0.36141571314729937,0.3796183612574675,0.399228670704988,0.41773809857370464,0.4394064201069513,0.4639174545600447,0.4797699849061492,0.5012684542582295,0.5230561911487981,0.5402461499913913,0.5574361088339848]},"128":{"2.5":[-0.16618193822138622,-0.08826963024547149,-0.02834824620197959,0.02758285445044084,0.08716435334786185,0.16514358021439726],"3.0":[-0.1912608778950401,-0.12200225643010915,-0.07025196129914947,-0.02517908161638667,0.018354920378448204,0.06351023506313308,0.11449524622837251,0.18358789947853],"3.5":[-0.21662174117454666,-0.1521525895681452,-0.1069158980541835,-0.06929580454096249,-0.03540776296624826,-0.002838062320204204,0.029738720992260232,0.06389975053324315,0.10174377207736916,0.14631067814998683,0.20918441404306698],"4.0":[-0.23240078843558742,-0.1765055928515864,-0.13757791480259982,-0.10557413216140395,-0.07744202158965383,-0.05156535927332396,-0.027025188962516333,-0.003102340593574827,0.020166222611652834,0.04313621967131127,0.06700004488918905,0.09205228208791559,0.11966147433755527,0.1514073280983354,0.1903368603248165,0.24496339309699244],"5.0":[-0.38977357601014273,-0.3069656364924497,-0.2657597700426415,-0.23578654382230368,-0.2110390186273513,-0.1894674019489202,-0.16962775044223727,-0.15188268082929807,-0.1346220995027038,-0.11749440031695216,-0.10059197208657683,-0.08383459509296956,-0.06780711171225551,-0.05193067471180233,-0.03590563452193429,-0.019590282429208503,-0.003030524586300033,0.013563460225972664,0.030074766562421498,0.04683406790392805,0.06376126973745705,0.08027314593352351,0.09708832163055013,0.11452169146404242,0.13211016013361088,0.1503624315307152,0.17020156415254006,0.19174545801174112,0.2169691326309363,0.2441698246814925,0.2755332527485681,0.3154865299710289],"6.0":[-0.34536904724141215,-0.33672607864163107,-0.32270584302918204,-0.3051149913248301,-0.2927417541664964,-0.2795295102264793,-0.2646644666415107,-0.25123989864023827,-0.2381211246147983,-0.22665915764819464,-0.21654761411020512,-0.20558884513803274,-0.19505633055752697,-0.18452349891776454,-0.17351354542266378,-0.16227222517199316,-0.15148653685367264,-0.14141964790773096,-0.13166939457681687,-0.12203634948648641,-0.11209765834303341,-0.10231000516045399,-0.09269093824591357,-0.08290132450612063,-0.07333748114840438,-0.06391203576240556,-0.054063735694847716,-0.04385252720129837,-0.03326455002364024,-0.022746418540674218,-0.01247228106273327,-0.0021267610113715487,0.008135236200126163,0.01839343355919717,0.028648282136786142,0.03868610098733152,0.04866313036783292,0.05885261616166165,0.06887643606773675,0.07891929607139934,0.08913934299350718,0.09928807419528371,0.10942312254860076,0.11970724482074985,0.1299879854606614,0.14050412974639873,0.15124349677969728,0.1619833590711598,0.1724309654434842,0.18263687308147117,0.1923939867734496,0.2028417842306434,0.21375151943807436,0.22502137491767138,0.23633027677069832,0.2467640297700339,0.2608387293106488,0.2747025137681446,0.2906643637939504,0.3030862831790161,0.3283822393720066,0.333639479040324,0.33944196609790084,0.35301458977967437]}}