{"64":{"2.5":[-0.22904104132414732,-0.12106843128813863,-0.03765718111086989,0.04016980947821197,0.12344489444324395,0.23185140931289683],"3.0":[-0.2604527160687953,-0.16271000986025574,-0.09112657544342291,-0.028286878518901153,0.031888053707024695,0.09384862982194395,0.16411296274712908,0.2609957249380297],"3.5":[-0.29233369041542717,-0.20389873314877255,-0.14078040345849055,-0.08860664063074825,-0.04032421416335938,0.005890873055171138,0.051396111592817706,0.09862619648552103,0.1501311067963869,0.2121388681903912,0.2977053224513639],"4.0":[-0.32954274178776355,-0.24950994901503193,-0.19273365994628308,-0.14789990724513882,-0.10888076138925107,-0.07220708987789465,-0.03795857292702654,-0.004736580640458887,0.027896001740354563,0.06093449409286553,0.09498817717244683,0.13095865049261465,0.16948667698043493,0.2132453898760939,0.26543617476040465,0.3400592606212988],"5.0":[-0.5061893197507276,-0.42286980487144404,-0.3706665387123919,-0.3322449806545689,-0.302016014986538,-0.27391449480293023,-0.24708863027235184,-0.22091308963056858,-0.1956507790212528,-0.17129510373482362,-0.1475989926276796,-0.12428666659435587,-0.10086115200483275,-0.07807351402337902,-0.054998086142438486,-0.03211208862538656,-0.009290571070720436,0.013513301068996942,0.03649485296531007,0.05986079465638268,0.0832947912359127,0.10690590621468227,0.13013246673999632,0.15349541573802572,0.17743776591269111,0.20155415595168608,0.2272868677434931,0.25513723116591586,0.28730254005776745,0.3235680219351816,0.3692285810327273,0.4341067449205576],"6.0":[-0.4962971858906533,-0.4804082327545371,-0.46451927961842093,-0.4514823778242456,-0.4253528548568333,-0.40190026239296717,-0.3787613761457731,-0.3600543094334066,-0.3427122059999696,-0.324346961978337,-0.3079619427128924,-0.29157662824326724,-0.2767883142743135,-0.2619256716394345,-0.24695423683657264,-0.2315928376801658,-0.2170338590913266,-0.20237749326262258,-0.1884661816171546,-0.17409723208556904,-0.15979505607675268,-0.14533394820432202,-0.1309021248473108,-0.11635391514716535,-0.10218766100271617,-0.08755892202180326,-0.07309433203192006,-0.058797972923663525,-0.04460826036422491,-0.030459613678581264,-0.016123882910726355,-0.002012980007027952,0.012624477148047807,0.02725868245351101,0.04184597330963616,0.05604151576219026,0.06992407613424036,0.08333820688201642,0.09718680415022425,0.11100863425063613,0.1251772933689947,0.13946798377979316,0.15337748147316954,0.16743680473989608,0.18185119643595543,0.19580635154307813,0.21034970504984699,0.22544836137426771,0.24025736731138334,0.25642625769895605,0.27357067626025783,0.29037676838836296,0.3073785950965899,0.32487753000818764,0.3435453223015047,0.35991612497587433,0.380944243008549,0.40237324228065174,0.42137554623095697,0.4382714317288956,0.4610245646520954,0.4717672144989841,0.48959453054195423,0.5047068616846666]},"128":{"2.5":[-0.16585720357653566,-0.08776646124934502,-0.027619003170962574,0.02800794986285715,0.08737030286757932,0.16428158621492245],"3.0":[-0.18865629704652237,-0.11799068365654712,-0.06602641106398564,-0.021206338810363448,0.022318076975878173,0.06772660725022872,0.11933017657156697,0.18891175407512364],"3.5":[-0.20945661576134011,-0.14661183064545516,-0.10167206500098983,-0.06324723478223675,-0.029076952439574987,0.0034955216741992803,0.036287219105555504,0.0700267264463474,0.10672345399986147,0.15034399307015614,0.21142387869576537],"4.0":[-0.2379681826420403,-0.18452464523529477,-0.14680322308342403,-0.11569876930012088,-0.08817255279980431,-0.06245984288666501,-0.03763886713271514,-0.013853341464781168,0.009748270352301717,0.033705691426535414,0.0585328223941979,0.0843796466185488,0.1125039313733275,0.14434387464524825,0.18467314618448538,0.2423855675521775],"5.0":[-0.28906982235255996,-0.2479238897762749,-0.22166866125395462,-0.19798599631250205,-0.17753788341069668,-0.15839856377124759,-0.13991031973225884,-0.1219893068179796,-0.10498002987097797,-0.0888284395986424,-0.07294586338082712,-0.0568442232011662,-0.04017298595477265,-0.023807867238998776,-0.007763828677048352,0.008018129270764384,0.023800444102490756,0.039745335947650395,0.05596825941866815,0.07215378037338564,0.08852555242724912,0.10485059296949557,0.12137193497371053,0.13773161748054244,0.15529476403627232,0.17279465213223358,0.191151681783143,0.2110497480564276,0.2315927243757991,0.2567730978767392,0.2909417739412916,0.3405221678940183],"6.0":[-0.3897103618501421,-0.3778609438510527,-0.3660115258519633,-0.352909794080697,-0.343783970628026,-0.3320592169203167,-0.31645505892059156,-0.3075950143902776,-0.2978701869322837,-0.2829449792313239,-0.265512951165389,-0.24919803538585453,-0.23310917671494938,-0.21831164814853818,-0.2050019369221955,-0.1918506747740642,-0.17946494895570597,-0.16794896185555727,-0.15708462614544466,-0.1463881078085439,-0.13587399611580475,-0.12521157162366503,-0.11464315133597826,-0.10404487662876054,-0.09337477274475187,-0.08280295018722249,-0.07222340245592337,-0.061549333222899336,-0.0512634322502626,-0.040734251962571966,-0.030290643392974537,-0.019619246478806848,-0.008935715154639893,0.0015738132592684386,0.011988377369025395,0.022523297135920644,0.03314262212290137,0.043770091282201586,0.05414233085045741,0.06424406220184033,0.07433152083110238,0.08469517204753514,0.09525549527247237,0.10614955363272238,0.11670284012379718,0.1270123509413831,0.13728166625304877,0.14772722175783218,0.1580404479610474,0.16884810006802917,0.18007775160629488,0.19208750995356458,0.20444455262903646,0.2163511425231245,0.22798214031330738,0.24062521222346142,0.2534245957387036,0.26792310716984075,0.2844188845387667,0.30125095547121805,0.3169175819654749,0.3281842807762144,0.3401115999970117,0.35680297209248923]}}