{"64":{"2.5":[-0.23006125807818098,-0.12188758069470675,-0.03778786992082821,0.040582041768121455,0.1242700189252818,0.23187174447484227],"3.0":[-0.2594063475428306,-0.16244337996569674,-0.09179901881983518,-0.02974412162062185,0.03048851393287723,0.09299918414968651,0.16400583111152306,0.2602576168649776],"3.5":[-0.29156387547134976,-0.20583661411845197,-0.14465097413120023,-0.09333725108876126,-0.046790751305876656,-0.0017708216769460427,0.043155788482283665,0.0899898695133962,0.14255608681598328,0.20564146217391882,0.29620249272049953],"4.0":[-0.34297689788659647,-0.2642267428666171,-0.20943041515224997,-0.1651770076380574,-0.12626021316204347,-0.09053320255394717,-0.0562849928409746,-0.023054672851586234,0.010611930902351421,0.04453948255352738,0.07895571829394687,0.11577787204220466,0.15433864514996667,0.1979644075987111,0.25164687969361393,0.330221425015126],"5.0":[-0.4615519329230116,-0.3913368356457193,-0.3504444346554026,-0.3186780370771952,-0.28862521619877995,-0.261467171080506,-0.23475322052797096,-0.20870726436924306,-0.183899275158947,-0.15999175013236905,-0.13682155206607963,-0.11423880632187557,-0.09120081460524136,-0.0684189887100196,-0.04556782780070213,-0.022637030898933617,0.0005023924840591479,0.02323464558658988,0.045744444819617945,0.06787889119342409,0.09050120852910795,0.11311684326860531,0.1353893686322542,0.15830321471603423,0.1816808164651404,0.20631858739934167,0.2318336382924272,0.25836913146151935,0.28607791891377693,0.31863285362551946,0.35543599454580915,0.41011005858639893],"6.0":[-0.5019609454371123,-0.48991796542211413,-0.4687717957081177,-0.4436185411776271,-0.4178373695889235,-0.3963779897800806,-0.37680109534902156,-0.3578703666516133,-0.34112956117129084,-0.3247596096029112,-0.3092904260791653,-0.2934476191895135,-0.27741635230042605,-0.26205533964439376,-0.24739918808161035,-0.23210616760904385,-0.21752100946739414,-0.20291837358122525,-0.18829726653326795,-0.17413538846541618,-0.16020515855760262,-0.14593152340434315,-0.1317653055220678,-0.11765736929344552,-0.10350468864900322,-0.08939066229758069,-0.07479162834701729,-0.06015500480498025,-0.04576681033737328,-0.0314684627702539,-0.017098681874366823,-0.002395058657895045,0.012385207430444243,0.02708188729828668,0.04150119855924746,0.055880699632114526,0.0702883994578738,0.08523530639910533,0.09973010250336589,0.11372319501405145,0.12754286238110152,0.1416987758620512,0.15636857482573294,0.17134856081970412,0.18633953466693043,0.2011434138570198,0.2161813280140599,0.23131328107497218,0.24581592281076642,0.2606161532431526,0.2767219894500012,0.293693925583575,0.3124747524113238,0.3339646572106996,0.3552293421653424,0.3769737058877814,0.3960257716777219,0.41338775309799985,0.42920593660212836,0.4503095643519506,0.4652798068127866,0.4855957944386845,0.49752116522111656,0.5136418444252815]},"128":{"2.5":[-0.16367174274273905,-0.08686237323390597,-0.026865110059060383,0.029109992234968816,0.08874408235561307,0.1662639356463453],"3.0":[-0.18778762138662375,-0.11808415676724039,-0.06743775179881428,-0.022924686168912366,0.019941149910705787,0.06396500436437394,0.1153523607798672,0.18633533087223902],"3.5":[-0.21175439106968943,-0.1494737457539409,-0.1049979692733344,-0.06748094731686032,-0.03333509219170838,-0.0005219823924867652,0.03205610804522042,0.06587569200481738,0.10352429669871326,0.14855009977233266,0.21280761726967773],"4.0":[-0.23796081031745897,-0.18315407392996294,-0.14449510188683287,-0.11273811434876842,-0.08465244293636405,-0.05892127384782747,-0.034557058263539456,-0.010755242958029411,0.01281202899458085,0.03641823250536163,0.06057370432068905,0.08615026886350677,0.11401527237452452,0.14559302531492926,0.18550356008568933,0.24372733049890735],"5.0":[-0.31513350731749473,-0.26634598672969745,-0.23217634014479355,-0.20625839707405658,-0.18454139732607236,-0.16525662468977845,-0.1471455938435327,-0.13008109340788987,-0.11334775848401363,-0.09639376856442819,-0.08030846603241212,-0.06407347499486289,-0.047755549071944244,-0.0312704498833725,-0.014996989525625776,0.0009924495115266334,0.01701245640790322,0.033037633776838035,0.04931241841856068,0.06560866865045727,0.08214408883665412,0.0986120208488745,0.1152313030319265,0.13253645123437838,0.1499889452027576,0.168015364307612,0.1872681729252681,0.20812795573278928,0.23052934808840278,0.25590787859601527,0.29248294748058196,0.3466708879615832],"6.0":[-0.3838508667881749,-0.37208193880858725,-0.35521977518239634,-0.35094970130190883,-0.3333331160673031,-0.3210244789512157,-0.30716395426318505,-0.2932899575251406,-0.27936143176953643,-0.26428245671677736,-0.25084977045248325,-0.2363852836220329,-0.2242091836274542,-0.21172673890648078,-0.19978492851458923,-0.18823322656388264,-0.17623705594900996,-0.16461244571285985,-0.1536988348675495,-0.14287941976519183,-0.13195542097120916,-0.12132385921490067,-0.11115454725721297,-0.10095722126726724,-0.09045182644818404,-0.07996331460800866,-0.06951635116524531,-0.0589678464695899,-0.04844121595374659,-0.03803712193740663,-0.027808021856701042,-0.01757175779472638,-0.007203576864646708,0.00335105502804267,0.01370967511630511,0.024055900058614486,0.03451636465588838,0.04493176202167127,0.0556860281133176,0.06624045398273608,0.07655560827361971,0.08683517663650844,0.09717866802195205,0.10755882128343204,0.11804287049659652,0.12899113711138668,0.13974699249565778,0.15071377775271014,0.1616054633043533,0.17257720612775335,0.1831779111877308,0.19372174809660356,0.20497243314940244,0.2173595224813329,0.23065344459651915,0.24388523464737444,0.2591906934806286,0.2753502624683695,0.28977190585095036,0.30550486485769573,0.32020798284082147,0.32990261492047523,0.33728800250421204,0.356459920714837]}}