{"64":{"2.5":[-0.23298367566260716,-0.12404672431962331,-0.03960533247530913,0.04002336882794676,0.12483949558955129,0.23363992936173406],"3.0":[-0.25749432525657595,-0.16116270464253027,-0.09001845444390648,-0.027509561130705608,0.03280481771723266,0.09576215517901085,0.16711356112960288,0.2629249613724674],"3.5":[-0.29515549335490593,-0.20848347483871862,-0.14505457897760302,-0.09263135560017266,-0.04484653968179503,0.0014224954090432697,0.04756110123212155,0.0955537190400504,0.1482800937918983,0.20989491457395748,0.29557191208009015],"4.0":[-0.3271323031747466,-0.2531339202746117,-0.20176243979750674,-0.15880472895635694,-0.12087676060353876,-0.08609485331514953,-0.05260675910980362,-0.02007335635182889,0.012250598251907581,0.04499131830391654,0.07907884972214671,0.11488343514771777,0.15352458605088298,0.19726525607176346,0.2513830579279212,0.32783771858392136],"5.0":[-0.41999387861853354,-0.35879801869746375,-0.31691735946070276,-0.2843911869870506,-0.2565965279333933,-0.231083117483694,-0.20660488660276843,-0.18275886372550887,-0.1587576695123992,-0.13506015373310518,-0.11224863716688292,-0.08961754699258016,-0.06731945917146798,-0.04506429075901769,-0.022953926524934293,-0.0007650781212484727,0.021701775430938913,0.044278963840874666,0.06708908881933875,0.08958762360547301,0.11193315942138023,0.13420808827127884,0.15750053978937126,0.18049741569590963,0.20387771434193344,0.22825926704177962,0.2542228679761651,0.28127179028598737,0.31262790524971085,0.34883735019132295,0.3884208950523698,0.44263265340034774],"6.0":[-0.48693495255209146,-0.463606995576209,-0.449548035447295,-0.43865975383405464,-0.4140309152658695,-0.39253390199488725,-0.37282046238244426,-0.3542204989397364,-0.3366873770998498,-0.31828611743508173,-0.3031889829474927,-0.28797407676114783,-0.2723126863199293,-0.2564260699056137,-0.24087944446158727,-0.22572347027697484,-0.2105481921553723,-0.1955048575307935,-0.18079499843593336,-0.1665208903527836,-0.1524740135507956,-0.13797254522090638,-0.12338411122284691,-0.10939426264921978,-0.09509659292508807,-0.08050053416707423,-0.06606042795343967,-0.051779876117082284,-0.03781543805247965,-0.023648030493533496,-0.009258602044806979,0.005541528416166412,0.01979750058429086,0.034270175024338344,0.048231277207954934,0.062413823000566124,0.07654051883676577,0.09090893301152574,0.10509422223663036,0.11890627575454268,0.1328814086094494,0.14704459230262892,0.16135137184213938,0.17563789944475605,0.1896273298436123,0.20392447704187536,0.21877343125272186,0.23372139201872333,0.2487666470451597,0.26357122485906676,0.2787686444785144,0.2949905951575217,0.3136163560972214,0.3325474562946074,0.3516145151900064,0.36985118869452965,0.3904287868944719,0.41495285021602607,0.4354449731444122,0.45107918668127905,0.45857003772002053,0.4796858986739675,0.4973078581946627,0.513192589693142]},"128":{"2.5":[-0.16379168545918732,-0.08644743017521625,-0.02682495214181777,0.028647401143596606,0.0879760911461836,0.16495347305591473],"3.0":[-0.189594376837227,-0.11911757381672905,-0.06825986455120453,-0.0236444324458118,0.01890992800560794,0.0635266785030177,0.11513214320760033,0.1850002883829566],"3.5":[-0.21075635701266582,-0.1482077383825802,-0.10331651785489976,-0.06604699253602565,-0.03242301478547267,0.00016253928029821247,0.03303210684547307,0.0667383767311913,0.10408718097171284,0.14861333355309597,0.2106170732603953],"4.0":[-0.23278917835791368,-0.17794671929376965,-0.13996551991054323,-0.10869108324718398,-0.08174997100272759,-0.056554516535319954,-0.03244254410954766,-0.0090170200314613,0.014232466144194078,0.037700640363278456,0.061926863574386516,0.08764006953773498,0.11558277563147751,0.1460202180686978,0.18265529633802982,0.2351677475291683],"5.0":[-0.3997318379927297,-0.3009129027968658,-0.2619188834286179,-0.232586081392099,-0.20825582904846426,-0.18683386307882,-0.16779073868444733,-0.14946221438033394,-0.13114495077355515,-0.11354901552430954,-0.09601505031834373,-0.07884675111940287,-0.06204531929767165,-0.045497812260594954,-0.028733272306554786,-0.012046216291122016,0.004591215475491509,0.02154448495717285,0.03837773327715998,0.055260146013946417,0.07227878229541299,0.08952231247406717,0.10709398687544465,0.1246021495771261,0.14216413213213436,0.16069433924462437,0.17984961351130851,0.20072780802013962,0.22403525594376214,0.25217872514796935,0.29160779598645675,0.3508847365301872],"6.0":[-0.3973617507912459,-0.38458358504883955,-0.3718054193064332,-0.3613985090810794,-0.34554076654712995,-0.33382637256306025,-0.32111361587308124,-0.30536031354262305,-0.288395297584607,-0.27397673238894454,-0.2558277398987515,-0.23772625401099795,-0.22154629759696026,-0.20782128572403757,-0.19481213173260112,-0.18192874745970727,-0.1696445806829099,-0.15744049903688975,-0.14566542246076722,-0.13412988934695322,-0.12309300812211892,-0.11178727474017056,-0.10075259303728787,-0.08971387284525371,-0.07878818611654075,-0.06780892597496674,-0.05671007186106593,-0.04568409152363169,-0.03445266255663937,-0.023167277913292733,-0.01192932524019076,-0.0008401087224925177,0.010189809384224811,0.02115909350879303,0.03225804532236851,0.04320710687966554,0.05423432865266432,0.06516864010598791,0.07603042030366834,0.08719504803515715,0.09871345137342254,0.11021737378940952,0.12168940646922685,0.13321471604460267,0.14435886181216034,0.1560090066316641,0.16798981678958888,0.1800134119602719,0.19341514094447831,0.20653088586954702,0.21999887162047152,0.23432247033969425,0.24945324816450645,0.26446417063419336,0.28123993606643133,0.29734376097115445,0.3143116671052256,0.330339774259788,0.3437718622683241,0.3550016002238241,0.36932819375313697,0.3812770604841049,0.3948845252379497,0.407662690980356]}}